role_category,postings,median_salary,remote_share,hybrid_share,median_experience
BI Analyst,4314,87000.0,0.2635605006954103,0.3567454798331015,3.0
Data Analyst,8989,83200.0,0.2679942151518523,0.3519857603737902,4.0
Data Engineer,5544,147700.0,0.26497113997113997,0.35533910533910534,4.0
Data Scientist,6153,131900.0,0.25369738339021614,0.3546237607671055,4.0
